Date,Open,High,Low,Close,Volume,AdjustedClose
20190102,3610,3640,3590,3610,74945100,3521.911
20190103,3580,3640,3580,3620,93458300,3531.667
20190104,3620,3660,3610,3660,114459600,3570.691
20190107,3700,3710,3660,3660,74641100,3570.691
20190108,3660,3680,3630,3680,81361900,3590.203
20190109,3710,3740,3690,3720,119390300,3629.227
20190110,3740,3750,3710,3750,141926800,3658.495
20190111,3760,3770,3700,3730,107861300,3638.983
20190114,3730,3790,3730,3790,115067500,3697.519
20190115,3770,3790,3740,3780,140860200,3687.763
20190116,3790,3800,3760,3780,103772600,3687.763
20190117,3790,3840,3780,3810,119859400,3717.031
20190118,3850,3850,3790,3820,66594600,3726.787
20190121,3800,3830,3800,3800,80926000,3707.275
20190122,3770,3790,3740,3770,119687600,3678.007
20190123,3760,3810,3730,3770,163458500,3678.007
20190124,3750,3810,3750,3790,176166500,3697.519
20190125,3820,3820,3780,3780,127141300,3687.763
20190128,3750,3790,3750,3780,93581100,3687.763
20190129,3780,3820,3650,3690,187613500,3599.959
20190130,3700,3760,3700,3750,144747500,3658.495
20190131,3800,3870,3800,3850,252448500,3756.055
20190201,3880,3930,3870,3920,140105900,3824.347
20190204,3950,3950,3890,3900,75955600,3804.835
20190206,3920,3940,3910,3920,78073900,3824.347
20190207,3930,3930,3890,3930,82938300,3834.103
20190208,3860,3910,3850,3890,78473000,3795.079
20190211,3890,3920,3860,3870,55587600,3775.567
20190212,3900,3900,3820,3850,94961400,3756.055
20190213,3890,3890,3780,3790,108181100,3697.519
20190214,3820,3850,3750,3800,119542400,3707.275
20190215,3840,3840,3750,3770,87738200,3678.007
20190218,3790,3860,3790,3840,93662400,3746.299
20190219,3900,4000,3880,3910,139946000,3814.591
20190220,3910,3940,3860,3890,124066500,3795.079
20190221,3830,3940,3830,3910,114540900,3814.591
20190222,3860,3910,3860,3900,81700600,3804.835
20190225,3940,3970,3900,3960,106730500,3863.371
20190226,3960,3970,3910,3940,61418800,3843.859
20190227,3910,3920,3850,3870,88062100,3775.567
20190228,3850,3870,3840,3850,106492300,3756.055
20190301,3870,3890,3860,3870,71431900,3775.567
20190304,3900,3920,3880,3880,57026900,3785.323
20190305,3900,3900,3860,3860,70615700,3765.811
20190306,3890,3920,3860,3900,56508700,3804.835
20190308,3820,3880,3810,3850,129784700,3756.055
20190311,3900,3900,3830,3850,69676100,3756.055
20190312,3880,3890,3810,3830,79468800,3736.543
20190313,3800,3810,3780,3800,84077200,3707.275
20190314,3780,3870,3780,3870,138244200,3775.567
20190315,3900,3980,3890,3980,201313000,3882.883
20190318,3990,4040,3980,4040,117760600,3941.419
20190319,4040,4050,3970,3990,95786500,3892.639
20190320,3960,4010,3960,3980,121302800,3882.883
20190321,4010,4040,3970,3980,142109200,3882.883
20190322,4030,4070,4000,4060,122823900,3960.931
20190325,4030,4040,3990,4000,120025700,3902.395
20190326,4050,4080,4010,4060,102500700,3960.931
20190327,4080,4080,4040,4040,85568800,3941.419
20190328,4070,4100,4030,4100,85272700,3999.955
20190329,4050,4140,4050,4120,131160100,4019.466
20190401,4140,4160,4130,4140,83846100,4038.979
20190402,4170,4170,4130,4150,63949000,4048.735
20190404,4180,4280,4140,4220,81609600,4117.026
20190405,4260,4290,4250,4260,68749900,4156.05
20190408,4290,4290,4210,4290,99677300,4185.318
20190409,4280,4350,4260,4310,105727100,4204.83
20190410,4300,4320,4260,4320,130700500,4214.586
20190411,4300,4320,4280,4300,198401800,4195.074
20190412,4300,4320,4280,4310,120459200,4204.83
20190415,4350,4360,4310,4350,64160400,4243.854
20190416,4330,4360,4320,4340,90837700,4234.098
20190418,4450,4730,4380,4460,182035000,4351.17
20190422,4460,4460,4410,4440,101963500,4331.658
20190423,4410,4450,4410,4430,54840800,4321.902
20190424,4410,4430,4400,4400,172810100,4292.634
20190425,4380,4390,4260,4330,184463200,4224.342
20190426,4240,4360,4210,4330,132874000,4224.342
20190429,4290,4350,4280,4340,76916700,4234.098
20190430,4390,4410,4340,4370,127804000,4263.366
20190502,4420,4420,4340,4370,126901700,4263.366
20190503,4330,4400,4310,4380,109485100,4273.122
20190506,4300,4300,4190,4230,143009800,4126.782
20190507,4210,4280,4210,4250,112789100,4146.294
20190508,4250,4250,4180,4220,120152500,4117.026
20190509,4140,4160,4120,4120,163340000,4019.466
20190510,4100,4160,4090,4120,120282900,4019.466
20190513,4130,4140,4100,4100,71877200,3999.955
20190514,4000,4090,3970,4050,115090400,3951.175
20190515,4050,4060,3890,3890,167394600,3795.079
20190516,3940,3990,3820,3860,144094800,3765.811
20190517,3910,3910,3770,3790,155199000,3697.519
20190520,3800,3850,3660,3750,165275800,3658.495
20190521,3800,3840,3710,3750,206532500,3658.495
20190522,3710,3830,3710,3770,118633800,3678.007
20190523,3820,3890,3800,3850,209226900,3756.055
20190524,3780,3930,3770,3850,150398400,3756.055
20190527,3900,3970,3860,3920,123578400,3824.347
20190528,3930,3950,3810,3810,376621800,3717.031
20190529,3890,3950,3860,3940,139713200,3843.859
20190531,3990,4120,3980,4100,261104200,3999.955
20190610,4220,4270,4200,4230,196745300,4126.782
20190611,4250,4250,4150,4230,116270900,4126.782
20190612,4170,4210,4170,4210,92904100,4107.27
20190613,4250,4250,4180,4200,116825700,4097.514
20190614,4170,4240,4170,4230,72298800,4126.782
20190617,4250,4250,4200,4200,55193600,4097.514
20190618,4180,4260,4180,4260,158342200,4156.05
20190619,4320,4340,4280,4290,167220600,4185.318
20190620,4330,4330,4280,4310,107715700,4204.83
20190621,4290,4360,4260,4360,170191100,4253.61
20190624,4310,4350,4290,4310,82569600,4204.83
20190625,4350,4350,4290,4330,59456000,4224.342
20190626,4330,4370,4320,4360,102850200,4253.61
20190627,4380,4390,4350,4380,81746600,4273.122
20190628,4370,4400,4350,4360,102580700,4253.61
20190701,4400,4420,4380,4420,104844900,4312.146
20190702,4420,4420,4360,4410,134440200,4302.39
20190703,4390,4420,4360,4400,74371900,4292.634
20190704,4360,4400,4360,4390,38687900,4282.878
20190705,4420,4420,4380,4400,53771200,4292.634
20190708,4380,4410,4370,4400,46233200,4292.634
20190709,4370,4410,4370,4410,64718300,4302.39
20190710,4410,4480,4400,4470,80977700,4360.926
20190711,4490,4540,4480,4510,91416500,4399.95
20190712,4510,4540,4490,4510,64575400,4399.95
20190715,4540,4560,4520,4530,68954800,4419.462
20190716,4500,4550,4500,4550,84477400,4438.974
20190717,4520,4550,4500,4520,65303400,4409.706
20190718,4500,4510,4440,4450,77028200,4341.414
20190719,4450,4490,4440,4480,64335100,4370.682
20190722,4500,4510,4460,4500,41944400,4390.194
20190723,4500,4500,4470,4490,43317300,4380.438
20190724,4520,4520,4440,4450,53053100,4341.414
20190725,4470,4480,4450,4460,60404000,4351.17
20190726,4410,4470,4400,4440,77381500,4331.658
20190729,4480,4480,4440,4460,91877000,4351.17
20190730,4500,4500,4460,4500,68755800,4390.194
20190731,4500,4510,4450,4480,105834600,4370.682
20190801,4490,4510,4410,4450,143626600,4341.414
20190802,4400,4470,4390,4450,119342500,4341.414
20190805,4410,4420,4270,4270,150837200,4165.806
20190806,4100,4210,4020,4100,247636800,3999.955
20190807,4140,4290,4140,4250,146976400,4146.294
20190808,4250,4320,4250,4290,93336500,4185.318
20190809,4330,4350,4300,4330,82471300,4224.342
20190812,4380,4380,4290,4300,51057200,4195.074
20190813,4330,4330,4250,4280,80133600,4175.562
20190814,4330,4350,4310,4330,93273200,4224.342
20190815,4210,4280,4180,4250,115233200,4146.294
20190816,4250,4260,4200,4210,93606900,4107.27
20190819,4130,4220,4130,4180,60369000,4078.003
20190820,4180,4200,4090,4100,102619200,3999.955
20190821,4100,4170,4040,4050,84386400,3951.175
20190822,4060,4140,4000,4070,124079400,3970.687
20190823,4030,4100,4020,4080,58236900,3980.443
20190826,4020,4070,4000,4070,64788000,3970.687
20190827,4130,4210,4080,4200,178201800,4097.514
20190828,4220,4240,4190,4190,99957200,4087.758
20190829,4220,4220,4160,4200,68027100,4097.514
20190830,4190,4270,4120,4270,108998100,4165.806
20190902,4270,4280,4210,4220,68472900,4117.026
20190903,4180,4270,4130,4150,76155900,4048.735
20190904,4180,4180,4100,4160,76686000,4058.49
20190905,4220,4230,4180,4220,77131600,4117.026
20190906,4260,4290,4250,4270,114425200,4165.806
20190909,4290,4290,4170,4170,68317900,4068.247
20190910,4180,4190,4150,4190,69287000,4087.758
20190911,4150,4260,4150,4250,114308200,4146.294
20190912,4300,4350,4270,4280,87101400,4175.562
20190913,4320,4320,4280,4310,56092800,4204.83
20190916,4290,4290,4100,4190,132616600,4087.758
20190917,4160,4250,4130,4250,107125600,4146.294
20190918,4240,4260,4210,4240,76406800,4136.538
20190919,4200,4230,4200,4220,92108100,4117.026
20190920,4200,4220,4130,4160,217504200,4058.49
20190923,4160,4200,4160,4180,84900300,4078.003
20190924,4160,4160,4110,4110,95076200,4009.711
20190925,4070,4120,4020,4080,83155300,3980.443
20190926,4110,4210,4100,4210,80120800,4107.27
20190927,4210,4210,4160,4180,57666400,4078.003
20190930,4200,4200,4110,4120,76345500,4019.466
20191001,4120,4130,4070,4070,79550900,3970.687
20191002,4050,4090,3920,3930,166346200,3834.103
20191003,3870,3890,3810,3810,177625500,3717.031
20191004,3880,3960,3860,3950,93849800,3853.615
20191007,3970,3990,3860,3900,126705700,3804.835
20191008,3960,3960,3890,3930,119796000,3834.103
20191009,3950,3990,3920,3960,117832100,3863.371
20191010,3970,3990,3880,3890,107857100,3795.079
20191011,3950,3960,3910,3920,102206600,3824.347
20191014,3950,3980,3910,3920,109782800,3824.347
20191015,3970,3970,3890,3940,128090900,3843.859
20191016,3960,3990,3940,3990,82010000,3892.639
20191017,4000,4050,3990,4050,104547000,3951.175
20191018,4050,4190,4050,4170,103613400,4068.247
20191021,4170,4190,4110,4120,81121300,4019.466
20191022,4080,4140,4070,4140,82586400,4038.979
20191023,4150,4180,4080,4180,127172900,4078.003
20191024,4180,4300,4180,4300,157022200,4195.074
20191025,4300,4320,4220,4230,112296600,4126.782
20191028,4230,4260,4220,4230,38352600,4126.782
20191029,4240,4250,4180,4230,82494100,4126.782
20191030,4260,4260,4190,4250,47442000,4146.294
20191031,4210,4240,4160,4210,75586200,4107.27
20191101,4220,4220,4150,4180,63281400,4078.003
20191104,4180,4210,4150,4160,50272200,4058.49
20191105,4190,4300,4170,4300,132545000,4195.074
20191106,4330,4330,4160,4160,132500400,4058.49
20191107,4160,4160,3960,4000,292323600,3902.395
20191108,4010,4030,3980,3990,134618100,3892.639
20191111,3950,4000,3950,4000,114079500,3902.395
20191112,4000,4030,3980,4000,109775100,3902.395
20191113,4000,4010,3920,3960,150088500,3863.371
20191114,3950,3970,3900,3940,118066000,3843.859
20191115,4000,4100,3960,4090,122007300,3990.199
20191118,4090,4140,4050,4120,93147500,4019.466
20191119,4150,4190,4080,4190,141181200,4087.758
20191120,4170,4260,4150,4220,154808400,4117.026
20191121,4200,4230,4140,4220,114191700,4117.026
20191122,4230,4250,4160,4210,74696400,4107.27
20191125,4150,4180,4120,4130,56593800,4029.222
20191126,4150,4180,4100,4150,222076900,4048.735
20191127,4100,4210,4100,4170,66281400,4068.247
20191128,4130,4170,4050,4050,61720000,3951.175
20191129,4060,4120,4010,4090,64199200,3990.199
20191202,4150,4210,4120,4210,55396900,4107.27
20191203,4210,4220,4160,4170,43717700,4068.247
20191204,4200,4200,4120,4130,50621200,4029.222
20191205,4200,4230,4170,4220,72784100,4117.026
20191206,4250,4250,4170,4170,67202600,4068.247
20191209,4190,4210,4150,4180,47839000,4078.003
20191210,4140,4180,4130,4170,80011300,4068.247
20191211,4190,4210,4160,4210,62962600,4107.27
20191212,4230,4270,4210,4250,125551000,4146.294
20191213,4280,4290,4240,4280,167616600,4175.562
20191216,4300,4350,4290,4330,178955500,4224.342
20191217,4360,4360,4300,4350,141046900,4243.854
20191218,4380,4400,4350,4400,158345700,4292.634
20191219,4350,4370,4320,4350,94017600,4243.854
20191220,4350,4370,4320,4360,156213900,4253.61
20191223,4450,4470,4360,4450,123276700,4341.414
20191226,4420,4450,4400,4410,50234000,4302.39
20191227,4380,4440,4380,4430,56465900,4321.902
20191230,4450,4450,4360,4400,66440200,4292.634
20200102,4400,4410,4360,4410,41714100,4302.39
20200103,4420,4440,4390,4420,82898300,4312.146
20200106,4360,4390,4320,4370,44225100,4263.366
20200107,4410,4410,4380,4400,103948100,4292.634
20200108,4380,4400,4340,4380,171751200,4273.122
20200109,4400,4420,4370,4400,72072000,4292.634
20200110,4430,4430,4390,4410,124809200,4302.39
20200113,4430,4510,4420,4510,111351400,4399.95
20200114,4540,4600,4520,4570,158414200,4458.486
20200115,4570,4580,4530,4580,102566700,4468.242
20200116,4570,4590,4510,4570,133986100,4458.486
20200117,4620,4640,4600,4630,121175500,4517.022
20200120,4690,4690,4630,4660,81837500,4546.29
20200121,4670,4680,4640,4670,73839600,4556.046
20200122,4680,4710,4670,4710,82370500,4595.07
20200123,4720,4760,4690,4740,139861200,4624.338
20200124,4730,4750,4680,4740,96017400,4624.338
20200127,4700,4700,4640,4650,93704600,4536.534
20200128,4580,4640,4570,4620,95394600,4507.266
20200129,4620,4660,4600,4620,194871800,4507.266
20200130,4700,4700,4580,4580,87726300,4468.242
20200131,4570,4580,4460,4460,137055500,4351.17
20200203,4460,4490,4450,4460,131584600,4351.17
20200204,4690,4690,4520,4560,112377400,4448.73
20200205,4570,4580,4510,4560,91267300,4448.73
20200206,4590,4590,4530,4550,94855500,4438.974
20200207,4580,4580,4540,4550,133042500,4438.974
20200210,4500,4530,4400,4500,170890600,4390.194
20200211,4540,4540,4480,4510,85150100,4399.95
20200212,4520,4560,4520,4530,130150400,4419.462
20200213,4580,4590,4540,4570,79710700,4458.486
20200214,4530,4590,4530,4550,127004900,4438.974
20200217,4480,4540,4470,4470,119759900,4360.926
20200218,4470,4500,4400,4400,88694500,4292.634
20200219,4460,4480,4450,4480,100810700,4370.682
20200220,4520,4580,4510,4560,98180400,4448.73
20200221,4560,4560,4510,4510,106960700,4399.95
20200224,4540,4540,4470,4490,102908000,4380.438
20200225,4460,4550,4460,4500,113929600,4390.194
20200226,4500,4510,4470,4480,149197600,4370.682
20200227,4380,4380,4120,4130,207157400,4029.222
20200228,3990,4190,3910,4190,191962700,4087.758
20200302,4190,4200,3980,3980,187659200,3882.883
20200303,4050,4180,4000,4100,198413400,3999.955
20200304,4140,4240,4130,4220,116305200,4117.026
20200305,4290,4300,4130,4150,133588200,4048.735
20200306,4040,4050,4000,4020,93933000,3921.907
20200309,3900,3950,3750,3750,149028700,3658.495
20200310,3780,4030,3780,3910,165975500,3814.591
20200311,3950,4030,3880,3910,177519900,3814.591
20200312,3820,3840,3600,3610,151940600,3521.911
20200313,3610,3770,3360,3720,268837000,3629.227
20200316,3750,3750,3460,3500,178420500,3414.595
20200317,3500,3570,3260,3260,208568600,3180.452
20200318,3270,3440,3090,3140,248104200,3063.38
20200319,3130,3140,2930,2930,137946900,2858.504
20200320,2930,2970,2730,2810,598363000,2741.432
20200323,2650,2700,2620,2620,164404600,2556.068
20200324,2580,2750,2440,2440,495129300,2380.461
20200326,2500,3000,2500,2940,634588200,2868.26
20200327,3000,3670,3000,3230,480930500,3151.184
20200330,3150,3150,3010,3010,217509200,2936.552
20200331,3100,3200,2970,3020,314996600,2946.308
20200401,3010,3080,2900,2930,271743600,2858.504
20200402,2850,2900,2800,2870,299882400,2799.968
20200403,2930,2950,2830,2890,293146900,2819.48
20200406,2950,3030,2910,3020,285099900,2946.308
20200407,3100,3240,2950,3030,405389200,2956.064
20200408,3000,3040,2820,2820,292946600,2751.188
20200409,2860,2910,2750,2790,265787000,2721.92
20200413,2790,2840,2700,2770,123731400,2702.408
20200414,2790,2900,2770,2900,219734000,2829.236
20200415,2900,2990,2730,2760,319095100,2692.652
20200416,2770,2770,2580,2610,367748800,2546.312
20200417,2670,2840,2660,2830,402325500,2760.944
20200420,2880,2900,2760,2780,222008500,2712.164
20200421,2750,2790,2690,2720,132873300,2653.628
20200422,2700,2830,2650,2790,179543300,2721.92
20200423,2830,2880,2790,2800,216170700,2731.676
20200424,2800,2800,2630,2630,293711300,2565.825
20200427,2680,2700,2610,2660,182608400,2595.093
20200428,2680,2690,2570,2590,268296100,2526.801
20200429,2600,2620,2560,2580,209136400,2517.045
20200430,2620,2740,2610,2730,432073900,2663.384
20200504,2670,2680,2600,2630,200608900,2565.825
20200505,2630,2680,2610,2630,184761500,2565.825
20200506,2630,2650,2600,2620,173052900,2556.068
20200508,2640,2660,2580,2590,205764900,2526.801
20200511,2630,2640,2600,2620,154599200,2556.068
20200512,2620,2630,2470,2490,368672700,2429.241
20200513,2460,2520,2440,2470,338592200,2409.729
20200514,2440,2480,2330,2350,470265100,2292.657
20200515,2380,2400,2210,2240,594658300,2185.341
20200518,2250,2270,2160,2170,455462600,2117.049
20200519,2250,2420,2250,2370,531310100,2312.169
20200520,2360,2500,2320,2480,394395900,2419.485
20200526,2550,2550,2470,2520,404097300,2458.509
20200527,2540,2630,2520,2630,432813000,2565.825
20200528,2640,2780,2640,2730,453391300,2663.384
20200529,2700,2950,2700,2950,872607300,2878.016
20200602,2950,3290,2950,3180,467460800,3102.404
20200603,3200,3280,3010,3100,438099000,3024.356
20200604,3120,3200,3030,3060,250143200,2985.332
20200605,3070,3130,2960,3110,267393400,3034.112
20200608,3180,3370,3170,3300,384332100,3219.476
20200609,3350,3360,3210,3210,254497400,3131.672
20200610,3180,3180,3000,3030,443231300,2956.064
20200611,3130,3130,2900,2970,372347500,2897.528
20200612,2900,3040,2800,3030,472128400,2956.064
20200615,3040,3050,2890,2900,230766700,2829.236
20200616,2970,3150,2960,3130,338682000,3053.624
20200617,3200,3200,3080,3100,218180800,3024.356
20200618,3050,3120,3040,3050,130942600,2975.576
20200619,3080,3110,3060,3100,166932000,3024.356
20200622,3100,3110,3030,3060,95377000,2985.332
20200623,3020,3060,2980,3010,171421500,2936.552
20200624,3050,3140,3010,3120,308484300,3043.868
20200625,3100,3110,3040,3060,158209300,2985.332
20200626,3100,3120,3020,3030,147306200,2956.064
20200629,3040,3060,2980,3040,118809900,2965.82
20200630,3070,3110,3030,3030,134014700,2956.064
20200701,3040,3070,3030,3060,101290700,2985.332
20200702,3090,3090,3040,3060,169484600,2985.332
20200703,3060,3090,3040,3050,49472800,2975.576
20200706,3070,3100,3030,3040,134677700,2965.82
20200707,3070,3080,3030,3030,207371700,2956.064
20200708,3040,3200,3030,3190,339667600,3112.16
20200709,3190,3230,3140,3140,192182300,3063.38
20200710,3130,3150,3100,3110,107116200,3034.112
20200713,3130,3180,3050,3160,95863700,3082.892
20200714,3160,3250,3130,3170,211237700,3092.648
20200715,3200,3240,3130,3130,165721200,3053.624
20200716,3130,3160,3130,3140,117097200,3063.38
20200717,3140,3150,3100,3100,119587700,3024.356
20200720,3100,3130,3030,3040,115830300,2965.82
20200721,3050,3180,3050,3150,204157000,3073.136
20200722,3160,3170,3090,3100,173557500,3024.356
20200723,3120,3160,3100,3140,147857700,3063.38
20200724,3130,3140,3090,3090,94805600,3014.6
20200727,3090,3150,3090,3150,94516900,3073.136
20200728,3160,3170,3100,3140,103419800,3063.38
20200729,3140,3150,3100,3120,67176700,3043.868
20200730,3130,3170,3110,3160,78478700,3082.892
20200803,3170,3180,2970,2990,339279900,2917.04
20200804,3000,3080,3000,3080,156288000,3004.844
20200805,3100,3110,3040,3080,161496000,3004.844
20200806,3100,3130,3090,3110,114602400,3034.112
20200807,3110,3130,3060,3110,89917300,3034.112
20200810,3110,3150,3100,3130,91465200,3053.624
20200811,3130,3220,3130,3190,172459100,3112.16
20200812,3190,3370,3190,3350,459419200,3268.256
20200813,3350,3450,3300,3330,214222600,3248.744
20200814,3330,3350,3280,3340,99152200,3258.5
20200818,3340,3530,3340,3520,262001000,3434.107
20200819,3520,3640,3520,3560,217533000,3473.131
20200824,3530,3650,3520,3640,194972300,3551.179
20200825,3670,3800,3640,3800,179300000,3707.275
20200826,3800,3820,3700,3740,161962800,3648.739
20200827,3740,3780,3660,3700,187984900,3609.715
20200828,3710,3740,3650,3690,77888200,3599.959
20200831,3700,3740,3500,3510,266042400,3424.351
20200901,3550,3630,3480,3610,196959300,3521.911
20200902,3620,3660,3590,3660,106924600,3570.691
20200903,3660,3690,3550,3580,179612400,3492.643
20200904,3610,3610,3480,3550,134555700,3463.375
20200907,3550,3570,3500,3510,94814200,3424.351
20200908,3510,3570,3510,3520,81381900,3434.107
20200909,3480,3490,3380,3410,178435500,3326.791
20200910,3300,3300,3180,3180,277847900,3102.404
20200911,3020,3310,3010,3250,583497600,3170.696
20200914,3300,3450,3300,3440,275888700,3356.059
20200915,3440,3460,3310,3330,195531100,3248.744
20200916,3370,3390,3240,3260,138529300,3180.452
20200917,3270,3310,3170,3200,167611400,3121.916
20200918,3200,3270,3190,3220,202880500,3141.428
20200921,3200,3250,3150,3190,114168800,3112.16
20200922,3110,3190,3100,3130,134585500,3053.624
20200923,3170,3180,3050,3080,120607900,3004.844
20200924,3030,3080,3010,3030,164151300,2956.064
20200925,3060,3180,3040,3160,169418100,3082.892
20200928,3180,3230,3080,3090,135465800,3014.6
20200929,3120,3160,3020,3040,182697100,2965.82
20200930,3060,3080,3000,3040,167835700,2965.82
20201001,3090,3170,3060,3160,130031000,3082.892
20201002,3180,3210,3060,3100,157063600,3024.356
20201005,3160,3170,3110,3160,92722900,3082.892
20201006,3220,3240,3180,3190,120816800,3112.16
20201007,3160,3170,3080,3120,288740100,3043.868
20201008,3150,3170,3110,3150,123924000,3073.136
20201009,3150,3170,3120,3150,81127400,3073.136
20201012,3160,3210,3150,3190,156519700,3112.16
20201013,3190,3300,3150,3280,204438200,3199.964
20201014,3300,3380,3290,3360,193879700,3278.012
20201015,3360,3380,3310,3310,183294800,3229.232
20201016,3340,3360,3210,3250,140443600,3170.696
20201019,3260,3290,3230,3280,96199300,3199.964
20201020,3280,3290,3210,3250,134038300,3170.696
20201021,3280,3310,3230,3240,116981800,3160.94
20201022,3220,3300,3200,3300,160136600,3219.476
20201023,3350,3350,3270,3290,117246500,3209.72
20201026,3300,3360,3290,3340,101222500,3258.5
20201027,3340,3400,3330,3360,183306100,3278.012
20201102,3360,3390,3300,3380,156784000,3297.523
20201103,3390,3400,3360,3380,121456100,3297.523
20201104,3420,3420,3290,3290,138230100,3209.72
20201105,3370,3490,3360,3490,234792600,3404.839
20201106,3510,3600,3470,3560,268767800,3473.131
20201109,3680,3690,3580,3690,257341300,3599.959
20201110,3800,4010,3770,4000,565562100,3902.395
20201111,3970,4190,3950,4120,357098000,4019.466
20201112,4100,4100,3920,3950,333297500,3853.615
20201113,3970,4080,3960,4000,237374000,3902.395
20201116,4050,4070,3930,3960,193022100,3863.371
20201117,4000,4020,3930,3960,180851100,3863.371
20201118,3980,4050,3970,4040,182657300,3941.419
20201119,4010,4130,3980,4040,199700800,3941.419
20201120,4040,4080,3990,4020,124785400,3921.907
20201123,4010,4100,4010,4080,123510900,3980.443
20201124,4120,4230,4080,4200,206164400,4097.514
20201125,4320,4390,4250,4320,283337800,4214.586
20201126,4220,4320,4220,4290,136526100,4185.318
20201127,4330,4370,4270,4270,114940800,4165.806
20201130,4250,4280,3990,4090,448799300,3990.199
20201201,4130,4260,4070,4240,228412600,4136.538
20201202,4320,4340,4250,4300,136348400,4195.074
20201203,4350,4400,4300,4400,198985500,4292.634
20201204,4400,4400,4270,4300,150379700,4195.074
20201207,4350,4420,4350,4400,140849600,4292.634
20201208,4400,4400,4340,4400,81272000,4292.634
20201210,4450,4450,4330,4330,193630600,4224.342
20201211,4400,4400,4260,4280,174446900,4175.562
20201214,4300,4310,4270,4280,127385200,4175.562
20201215,4280,4290,4240,4280,133712000,4175.562
20201216,4340,4350,4300,4320,130044800,4214.586
20201217,4360,4360,4310,4330,141727100,4224.342
20201218,4270,4300,4270,4280,207410700,4175.562
20201221,4330,4340,4210,4210,218968900,4107.27
20201222,4240,4280,4120,4130,171484000,4029.222
20201223,4150,4180,3950,4160,170156900,4058.49
20201228,4250,4260,4160,4250,86117000,4146.294
20201229,4250,4280,4170,4180,75203600,4078.003
20201230,4190,4210,4130,4170,90020900,4068.247
20210104,4150,4320,4150,4310,96568200,4204.83
20210105,4300,4300,4240,4270,97239100,4165.806
20210106,4280,4300,4160,4200,116629000,4097.514
20210107,4260,4290,4210,4280,128905400,4175.562
20210108,4330,4390,4300,4390,186370900,4282.878
20210111,4420,4660,4410,4650,383714500,4536.534
20210112,4680,4770,4670,4720,236714500,4604.826
20210113,4770,4840,4750,4790,210161400,4673.118
20210114,4820,4830,4720,4770,133616600,4653.606
20210115,4770,4770,4550,4580,204714500,4468.242
20210118,4580,4650,4540,4620,165968700,4507.266
20210119,4700,4700,4610,4620,138570500,4507.266
20210120,4670,4920,4650,4890,252471500,4770.677
20210121,4920,4950,4770,4790,161156700,4673.118
20210122,4860,4860,4680,4720,166662700,4604.826
20210125,4790,4790,4610,4780,150250800,4663.362
20210126,4780,4790,4620,4650,148952500,4536.534
20210127,4650,4720,4500,4620,180626300,4507.266
20210128,4580,4650,4420,4470,160243000,4360.926
20210129,4570,4610,4180,4180,280201400,4078.003
20210201,4180,4440,3960,4400,322825100,4292.634
20210202,4490,4490,4260,4360,152295400,4253.61
20210203,4480,4480,4360,4380,112944600,4273.122
20210204,4450,4580,4370,4490,147742900,4380.438
20210205,4540,4540,4420,4470,90003100,4360.926
20210208,4530,4530,4450,4460,109288100,4351.17
20210209,4500,4770,4500,4620,422144400,4507.266
20210210,4630,4710,4600,4650,183774900,4536.534
20210211,4700,4710,4630,4680,90618400,4565.802
20210215,4710,4780,4700,4710,84687800,4595.07
20210216,4740,4740,4660,4670,65111300,4556.046
20210217,4710,4730,4620,4630,92298000,4517.022
20210218,4700,4770,4650,4670,138260600,4556.046
20210219,4600,4790,4600,4790,99893400,4673.118
20210222,4850,4870,4760,4790,143288100,4673.118
20210223,4810,4830,4740,4790,98008100,4673.118
20210224,4790,4820,4710,4730,95982000,4614.582
20210225,4770,4770,4670,4730,119666500,4614.582
20210226,4730,4750,4700,4710,147085100,4595.07
20210301,4800,4830,4720,4830,115471100,4712.142
20210302,4870,4880,4800,4800,68358600,4682.874
20210303,4800,4850,4740,4850,77295700,4731.654
20210304,4850,4850,4730,4760,107177400,4643.85
20210305,4740,4770,4700,4770,64715600,4653.606
20210308,4800,4820,4730,4730,63560400,4614.582
20210309,4750,4750,4560,4580,150476600,4468.242
20210310,4650,4660,4590,4630,70367800,4517.022
20210312,4690,4690,4540,4580,138506800,4468.242
20210315,4580,4630,4560,4570,86801300,4458.486
20210316,4660,4770,4610,4720,137296600,4604.826
20210317,4680,4700,4600,4670,105676200,4556.046
20210318,4710,4770,4690,4760,86939900,4643.85
20210319,4750,4750,4670,4670,151268300,4556.046
20210322,4700,4700,4620,4630,60999200,4517.022
20210323,4720,4720,4650,4670,104576700,4556.046
20210324,4730,4730,4650,4670,109556600,4556.046
20210325,4700,4700,4580,4620,86494000,4507.266
20210326,4630,4720,4620,4720,97251100,4604.826
20210329,4780,4780,4720,4720,97096100,4604.826
20210330,4700,4700,4480,4500,195358500,4390.194
20210331,4450,4480,4260,4400,293758300,4292.634
20210401,4350,4370,4210,4290,309252700,4185.318
20210405,4320,4330,4160,4200,314116300,4097.514
20210406,4170,4230,4150,4200,152105800,4097.514
20210407,4230,4240,4160,4200,106319800,4097.514
20210408,4250,4360,4230,4350,144154400,4243.854
20210409,4380,4400,4350,4350,113886800,4243.854
20210412,4390,4390,4200,4210,104651900,4107.27
20210413,4210,4260,4150,4160,53665500,4058.49
20210414,4280,4350,4220,4350,103208800,4243.854
20210415,4390,4410,4280,4410,78427900,4302.39
20210416,4450,4460,4310,4340,67722200,4234.098
20210419,4360,4380,4310,4380,56531400,4273.122
20210420,4290,4330,4220,4310,89285800,4204.83
20210421,4240,4290,4230,4230,47230100,4126.782
20210422,4230,4260,4200,4200,108010700,4097.514
20210423,4200,4280,4190,4250,109555800,4146.294
20210426,4240,4250,4130,4140,143058700,4038.979
20210427,4200,4200,4150,4170,132799600,4068.247
20210428,4170,4220,4130,4130,115076300,4029.222
20210429,4190,4200,4140,4160,113372000,4058.49
20210430,4150,4160,4050,4050,234084900,3951.175
20210503,4060,4070,4000,4010,112939600,3912.151
20210504,4020,4070,4010,4060,76623800,3960.931
20210505,4110,4130,4080,4090,106654100,3990.199
20210506,4130,4130,4070,4110,78386100,4009.711
20210507,4140,4140,4040,4050,75778900,3951.175
20210510,4050,4090,4050,4050,73978500,3951.175
20210511,4030,4040,3980,3990,151844200,3892.639
20210517,3960,4000,3900,3900,195291900,3804.835
20210518,3960,3960,3890,3900,115704100,3804.835
20210519,3850,3940,3850,3870,123005100,3775.567
20210520,3840,3930,3820,3880,149845300,3785.323
20210521,3920,3950,3860,3890,110111400,3795.079
20210524,3970,4060,3910,4040,133806900,3941.419
20210525,4070,4140,4040,4060,153339900,3960.931
20210527,4140,4190,3950,3950,566074500,3853.615
20210528,4040,4170,4020,4070,249177000,3970.687
20210531,4130,4280,4110,4260,296848200,4156.05
20210602,4350,4380,4230,4260,283865400,4156.05
20210603,4270,4360,4220,4360,157674300,4253.61
20210604,4380,4390,4290,4340,125583500,4234.098
20210607,4340,4350,4210,4250,138866500,4146.294
20210608,4280,4280,4190,4200,98987900,4097.514
20210609,4100,4270,4100,4220,97665400,4117.026
20210610,4280,4320,4260,4300,97257300,4195.074
20210611,4350,4350,4280,4280,52553100,4175.562
20210614,4330,4350,4280,4350,121237400,4243.854
20210615,4350,4350,4210,4230,182463800,4126.782
20210616,4150,4170,4010,4010,437267600,3912.151
20210617,3980,4070,3930,4030,305679700,3931.663
20210618,4060,4060,3910,3910,296000300,3814.591
20210621,3880,3970,3860,3940,145038200,3843.859
20210622,3940,4070,3920,4040,120755000,3941.419
20210623,4050,4070,3940,3940,162498800,3843.859
20210624,4000,4010,3960,3990,50382000,3892.639
20210625,4030,4040,3990,3990,75589800,3892.639
20210628,3980,3990,3930,3930,141231800,3834.103
20210629,3860,3910,3860,3900,121772800,3804.835
20210630,3900,3970,3890,3940,112847100,3843.859
20210701,3940,3970,3910,3940,95671900,3843.859
20210702,4000,4030,3970,3990,85301200,3892.639
20210705,3930,3960,3880,3900,84968300,3804.835
20210706,3950,3950,3890,3890,55317000,3795.079
20210707,3920,3940,3810,3820,148723800,3726.787
20210708,3890,3900,3820,3870,147587600,3775.567
20210709,3860,3870,3780,3800,127826500,3707.275
20210712,3800,3820,3750,3760,119727200,3668.251
20210713,3800,3800,3760,3780,159709500,3687.763
20210714,3780,3800,3700,3710,105184100,3619.471
20210715,3750,3840,3730,3810,127139100,3717.031
20210716,3850,3860,3810,3840,98486200,3746.299
20210719,3850,3850,3780,3780,63023000,3687.763
20210721,3850,3880,3810,3820,96314800,3726.787
20210722,3870,3910,3840,3900,85309600,3804.835
20210723,3940,3950,3830,3870,87235100,3775.567
20210726,3900,3900,3820,3830,81996800,3736.543
20210727,3860,3860,3770,3800,90672700,3707.275
20210728,3800,3810,3720,3730,70705400,3638.983
20210729,3760,3840,3750,3770,93469200,3678.007
20210730,3830,3830,3710,3710,103301100,3619.471
20210802,3770,3770,3700,3740,96187100,3648.739
20210803,3740,3780,3720,3750,79873600,3658.495
20210804,3790,3850,3770,3850,83496200,3756.055
20210805,3900,4090,3900,4050,267404100,3951.175
20210806,4050,4060,3900,3930,138594800,3834.103
20210809,3940,3950,3820,3850,93093100,3756.055
20210810,3890,3890,3810,3820,85771200,3726.787
20210812,3850,3850,3800,3810,85874900,3717.031
20210813,3820,3880,3820,3870,95298300,3775.567
20210816,3870,3930,3840,3930,63711200,3834.103
20210818,3990,4090,3930,4070,224861000,3970.687
20210819,4000,4020,3860,3880,198373600,3785.323
20210820,3880,3940,3830,3930,80299100,3834.103
20210823,3980,3990,3930,3960,61938800,3863.371
20210824,3950,3960,3830,3890,137163100,3795.079
20210825,3850,3900,3850,3890,78700000,3795.079
20210826,3890,3900,3840,3870,62857400,3775.567
20210827,3890,3890,3830,3840,72270500,3746.299
20210830,3850,3940,3840,3940,116852400,3843.859
20210831,3940,3950,3870,3930,122615600,3834.103
20210901,3930,3930,3880,3890,88808900,3795.079
20210902,3860,3890,3840,3870,73855400,3775.567
20210903,3850,3930,3810,3930,150049100,3834.103
20210906,3950,3980,3850,3850,171751300,3756.055
20210907,3890,3920,3870,3910,127616300,3814.591
20210908,3820,3880,3720,3730,228087900,3730
20210909,3700,3770,3650,3730,306319600,3730
20210910,3710,3790,3670,3780,177033000,3780
20210913,3710,3750,3660,3700,169825000,3700
20210914,3720,3730,3660,3700,216363400,3700
20210915,3670,3670,3620,3660,263544000,3660
20210916,3650,3660,3610,3640,194782800,3640
20210917,3630,3640,3570,3610,346529100,3610
20210920,3590,3590,3510,3590,357971300,3590
20210921,3510,3580,3500,3570,410533900,3570
20210922,3520,3650,3520,3610,416087300,3610
20210923,3600,3770,3590,3770,432390800,3770
20210924,3790,3860,3770,3820,634549600,3820
20210927,3770,3800,3730,3750,380151200,3750
20210928,3770,3770,3690,3720,306827400,3720
20210929,3720,3750,3690,3740,143081800,3740
20210930,3760,3870,3750,3850,416099000,3850
20211001,3850,3920,3830,3900,359864700,3900
20211004,3900,4010,3890,3970,335762600,3970
20211005,3950,3980,3910,3930,236562700,3930
20211006,3920,4150,3920,4120,446708800,4120
20211007,4150,4170,4070,4120,264905400,4120
20211008,4190,4240,4130,4160,196631600,4160
20211011,4160,4200,4130,4180,146720100,4180
20211012,4180,4240,4180,4220,241196000,4220
20211013,4230,4300,4220,4280,264629400,4280
20211014,4280,4350,4230,4250,196989500,4250
20211015,4250,4330,4220,4320,318189600,4320
20211018,4350,4410,4340,4410,286829000,4410
20211019,4450,4450,4360,4400,161256300,4400
20211021,4450,4460,4320,4360,319230200,4360
20211022,4340,4400,4320,4400,160459300,4400
20211025,4330,4370,4300,4300,128240100,4300
20211026,4280,4370,4270,4350,108782400,4350
20211027,4330,4340,4260,4290,258038300,4290
20211028,4210,4300,4200,4240,159645200,4240
20211029,4300,4300,4220,4250,155011100,4250
20211101,4330,4330,4220,4230,102079300,4230
20211102,4270,4270,4210,4210,124799700,4210
20211103,4250,4300,4210,4290,100486300,4290
20211104,4330,4340,4250,4250,119591100,4250
20211105,4270,4270,4210,4240,74347000,4240
20211108,4250,4260,4220,4230,79465600,4230
20211109,4230,4250,4220,4250,92453200,4250
20211110,4230,4260,4210,4250,69475400,4250
20211111,4290,4300,4230,4250,149637700,4250
20211112,4270,4290,4210,4220,80234400,4220
20211115,4220,4220,4140,4160,220142300,4160
20211116,4120,4170,4120,4130,163555000,4130
20211117,4170,4200,4160,4200,126523700,4200
20211118,4150,4190,4140,4180,114881200,4180
20211119,4220,4290,4220,4280,182167700,4280
20211122,4310,4310,4250,4280,151514000,4280
20211123,4280,4280,4200,4210,104294200,4210
20211124,4200,4230,4190,4210,111072800,4210
20211125,4180,4250,4180,4220,123609400,4220
20211126,4190,4220,4150,4160,148652500,4160
20211129,4150,4190,4080,4170,164312800,4170
20211130,4150,4220,4090,4090,316653200,4090
20211201,4090,4180,4070,4080,163457900,4080
20211202,4060,4220,4060,4200,139281800,4200
20211203,4210,4220,4170,4170,93227100,4170
20211206,4200,4220,4110,4110,106610000,4110
20211207,4190,4230,4160,4230,182048000,4230
20211208,4250,4250,4170,4210,143230200,4210
20211209,4220,4220,4160,4190,90471500,4190
20211210,4130,4160,4130,4130,122999200,4130
20211213,4170,4200,4160,4160,86848900,4160
20211214,4150,4160,4130,4130,100110000,4130
20211215,4150,4230,4140,4200,124522800,4200
20211216,4220,4220,4120,4140,136646600,4140
20211217,4090,4140,4090,4110,153165400,4110
20211220,4070,4130,4060,4120,89198900,4120
20211221,4100,4120,4080,4080,109561800,4080
20211222,4100,4110,4050,4050,104738000,4050
20211223,4090,4110,4060,4100,72736800,4100
20211224,4100,4120,4050,4070,59795000,4070
20211227,4070,4110,4060,4060,65491200,4060
20211228,4090,4110,4070,4090,52952500,4090
20211229,4090,4100,4070,4080,27676500,4080
20211230,4080,4140,4060,4110,146989400,4110
20220103,4120,4190,4090,4180,90842500,4180
20220104,4200,4210,4160,4160,93950000,4160
20220105,4180,4230,4130,4210,174376400,4210
20220106,4240,4240,4140,4160,137280000,4160
20220107,4170,4200,4150,4190,101275000,4190
20220110,4190,4210,4180,4180,70722600,4180
20220111,4180,4180,4130,4150,99404900,4150
20220112,4170,4180,4130,4160,65907000,4160
20220113,4180,4190,4170,4190,103522400,4190
20220114,4190,4210,4160,4180,110213800,4180
20220117,4200,4210,4180,4210,102957100,4210
20220118,4240,4240,4140,4190,120275000,4190
20220119,4210,4210,4130,4130,109954700,4130
20220120,4130,4160,4110,4130,86394600,4130
20220121,4130,4170,4110,4170,84972500,4170
20220124,4140,4160,4100,4120,76709900,4120
20220125,4100,4110,4000,4070,185007800,4070
20220126,4030,4100,4030,4090,97589500,4090
20220127,4070,4140,4060,4140,80682900,4140
20220128,4170,4170,4090,4140,84812100,4140
20220131,4170,4170,4070,4070,78498500,4070
20220202,4120,4120,4060,4070,81546300,4070
20220203,4180,4180,4130,4130,157898800,4130
20220204,4170,4210,4150,4210,236602900,4210
20220207,4240,4410,4220,4400,468016600,4400
20220208,4450,4550,4400,4440,310878100,4440
20220209,4400,4500,4380,4450,149000100,4450
20220210,4500,4500,4450,4470,112521600,4470
20220211,4420,4450,4380,4450,103418200,4450
20220214,4450,4450,4380,4410,105260000,4410
20220215,4440,4450,4390,4430,96658500,4430
20220216,4470,4470,4410,4420,89636300,4420
20220217,4390,4410,4340,4400,118305100,4400
20220218,4400,4440,4370,4430,127058000,4430
20220221,4460,4490,4440,4490,133717300,4490
20220222,4440,4470,4420,4430,109060900,4430
20220223,4520,4520,4460,4480,160827800,4480
20220224,4470,4470,4370,4390,217523600,4390
20220225,4450,4550,4410,4550,301346400,4550
20220301,4850,4860,4630,4630,494657800,4630
20220302,4680,4690,4550,4560,186635200,4560
20220304,4720,4730,4610,4670,292022600,4670
20220307,4580,4630,4520,4520,224515800,4520
20220308,4500,4560,4430,4430,214870200,4430
20220309,4530,4590,4500,4570,191967100,4570
20220310,4640,4640,4510,4570,225575800,4570
20220311,4400,4440,4370,4400,275965300,4400
20220314,4440,4540,4410,4520,212052100,4520
20220315,4550,4640,4530,4610,357755700,4610
20220316,4650,4660,4610,4650,226817000,4650
20220317,4690,4700,4610,4650,224068000,4650
20220318,4700,4700,4580,4580,257863400,4580
20220321,4600,4630,4560,4590,118791900,4590
20220322,4690,4710,4640,4640,177758500,4640
20220323,4680,4690,4620,4650,146545100,4650
20220324,4640,4730,4620,4730,206271600,4730
20220325,4760,4760,4650,4710,137104800,4710
20220328,4730,4740,4670,4730,106801800,4730
20220329,4750,4750,4670,4690,93155100,4690
20220330,4740,4740,4690,4710,83364400,4710
20220331,4700,4750,4660,4660,158650000,4660
20220401,4690,4730,4630,4730,145105000,4730
20220404,4730,4730,4660,4700,103902000,4700
20220405,4730,4740,4670,4700,76154300,4700
20220406,4690,4690,4600,4600,111009800,4600
20220407,4670,4670,4620,4630,91942500,4630
20220408,4630,4650,4600,4610,125657900,4610
20220411,4600,4620,4570,4570,109861100,4570
20220412,4550,4610,4550,4610,96961200,4610
20220413,4640,4640,4590,4610,112327600,4610
20220414,4600,4610,4530,4540,150659600,4540
20220418,4550,4580,4540,4550,82795100,4550
20220419,4550,4600,4540,4570,148475600,4570
20220420,4610,4870,4600,4850,404383100,4850
20220421,4850,4850,4760,4800,208253300,4800
20220422,4750,4850,4720,4750,174349500,4750
20220425,4700,4850,4670,4840,235752400,4840
20220426,4840,4980,4830,4940,262734300,4940
20220427,4900,4930,4850,4850,191955100,4850
20220428,4870,4930,4860,4870,193821200,4870
20220509,4750,4760,4530,4530,561600400,4530
20220510,4260,4530,4260,4530,435782800,4530
20220511,4550,4580,4480,4490,205233800,4490
20220512,4490,4490,4300,4320,207373600,4320
20220513,4250,4360,4250,4250,336711300,4250
20220517,4270,4520,4270,4450,272650400,4450
20220518,4500,4530,4430,4450,129716500,4450
20220519,4350,4460,4300,4440,132614900,4440
20220520,4440,4490,4410,4430,122101000,4430
20220523,4410,4440,4320,4330,175709000,4330
20220524,4320,4500,4320,4460,165758600,4460
20220525,4430,4450,4350,4350,138961700,4350
20220527,4500,4540,4440,4540,209962100,4540
20220530,4540,4540,4390,4430,193724500,4430
20220531,4470,4630,4450,4630,379626500,4630
20220602,4540,4600,4480,4480,225697500,4480
20220603,4530,4570,4510,4520,117643300,4520
20220606,4470,4510,4400,4430,157277700,4430
20220607,4460,4460,4400,4400,133318000,4400
20220608,4400,4470,4380,4470,150604000,4470
20220609,4500,4520,4480,4490,161768800,4490
20220610,4470,4470,4360,4400,222410400,4400
20220613,4260,4350,4260,4340,164017200,4340
20220614,4300,4410,4300,4360,150381800,4360
20220615,4360,4450,4360,4450,160729900,4450
20220616,4420,4530,4410,4430,240023000,4430
20220617,4370,4400,4350,4370,185763100,4370
20220620,4400,4410,4340,4400,95058800,4400
20220621,4430,4430,4380,4380,103964600,4380
20220622,4410,4410,4310,4320,106208500,4320
20220623,4300,4360,4300,4310,127600700,4310
20220624,4320,4350,4310,4340,66083900,4340
20220627,4310,4330,4270,4280,152449600,4280
20220628,4320,4330,4280,4300,161054900,4300
20220629,4280,4310,4180,4180,199246800,4180
20220630,4120,4220,4120,4150,232472200,4150
20220701,4150,4200,4110,4140,154253000,4140
20220704,4090,4120,3960,4040,258383400,4040
20220705,4040,4160,4040,4090,172365600,4090
20220706,4050,4100,4020,4080,125309100,4080
20220707,4040,4110,4040,4050,172127500,4050
20220708,4090,4200,4050,4200,112914000,4200
20220711,4150,4170,4100,4120,80867700,4120
20220712,4120,4140,4100,4110,56085200,4110
20220713,4110,4130,4030,4060,165745200,4060
20220714,4010,4090,4010,4060,150455300,4060
20220715,4060,4120,4050,4110,91362800,4110
20220718,4110,4140,4080,4140,135284500,4140
20220719,4150,4150,4110,4110,122905900,4110
20220720,4180,4300,4160,4300,220223600,4300
20220721,4300,4310,4230,4310,130405400,4310
20220722,4330,4330,4270,4270,86561100,4270
20220725,4250,4300,4250,4250,60952800,4250
20220726,4270,4350,4260,4330,97709800,4330
20220727,4380,4380,4300,4320,88570800,4320
20220728,4340,4400,4340,4360,136421400,4360
20220729,4390,4430,4340,4360,228669400,4360
20220801,4390,4410,4330,4360,200791700,4360
20220802,4360,4400,4300,4400,173931200,4400
20220803,4410,4420,4350,4380,103426000,4380
20220804,4380,4390,4350,4360,96960600,4360
20220805,4360,4400,4320,4360,168879400,4360
20220808,4360,4400,4340,4370,107242600,4370
20220809,4400,4470,4390,4410,181747100,4410
20220810,4350,4370,4300,4310,205341100,4310
20220811,4380,4410,4340,4350,193329000,4350
20220812,4340,4350,4320,4320,104325400,4320
20220815,4330,4350,4300,4300,135099400,4300
20220816,4350,4350,4270,4280,205432400,4280
20220818,4330,4340,4310,4330,138795300,4330
20220819,4340,4340,4300,4300,84509100,4300
20220822,4320,4330,4270,4270,121124400,4270
20220823,4260,4310,4260,4300,107799500,4300
20220824,4300,4330,4280,4290,75055900,4290
20220825,4280,4300,4270,4270,117653800,4270
20220826,4280,4290,4270,4270,87375200,4270
20220829,4250,4270,4220,4250,105715200,4250
20220830,4250,4300,4250,4260,136627300,4260
20220831,4250,4350,4240,4340,191475700,4340
20220901,4320,4390,4310,4390,139997700,4390
20220902,4410,4450,4380,4450,189113000,4450
20220905,4430,4600,4420,4590,261126600,4590
20220906,4670,4690,4550,4560,188117100,4560
20220907,4510,4550,4460,4460,212065700,4460
20220908,4480,4620,4480,4600,250373200,4600
20220909,4640,4640,4570,4610,119286700,4610
20220912,4610,4630,4560,4560,97988000,4560
20220913,4560,4640,4560,4580,141828800,4580
20220914,4520,4610,4510,4580,149960600,4580
20220915,4600,4700,4590,4610,295664100,4610
20220916,4610,4620,4500,4500,282492200,4500
20220919,4520,4600,4500,4570,134432000,4570
20220920,4570,4600,4490,4490,138695500,4490
20220921,4490,4550,4470,4550,159976900,4550
20220922,4500,4580,4500,4560,100425300,4560
20220923,4540,4560,4480,4480,139074000,4480
20220926,4480,4540,4410,4540,280747500,4540
20220927,4500,4550,4480,4530,213704600,4530
20220928,4510,4560,4480,4520,161815300,4520
20220929,4520,4540,4460,4480,169368600,4480
20220930,4450,4510,4410,4490,224229200,4490
20221003,4500,4550,4480,4530,159559600,4530
20221004,4560,4650,4560,4640,256367100,4640
20221005,4660,4660,4540,4540,182246200,4540
20221006,4540,4570,4510,4510,123346200,4510
20221007,4480,4490,4430,4440,133678600,4440
20221010,4420,4430,4340,4370,193923600,4370
20221011,4390,4430,4370,4430,133742200,4430
20221012,4470,4470,4400,4400,128747800,4400
20221013,4390,4420,4350,4350,104269900,4350
20221014,4380,4390,4270,4270,182095700,4270
20221017,4270,4320,4260,4300,145506000,4300
20221018,4280,4340,4280,4290,161444100,4290
20221019,4280,4340,4280,4300,81682300,4300
20221020,4280,4400,4280,4390,149521700,4390
20221021,4360,4460,4360,4430,165052200,4430
20221024,4430,4540,4430,4500,186997700,4500
20221025,4560,4610,4550,4590,237856900,4590
20221026,4600,4610,4500,4530,164992200,4530
20221027,4550,4600,4530,4600,131407700,4600
20221028,4600,4630,4560,4630,189534700,4630
20221031,4630,4680,4630,4650,227969800,4650
20221101,4690,4700,4630,4660,214442200,4660
20221102,4680,4680,4570,4610,145301400,4610
20221103,4630,4660,4590,4650,147388900,4650
20221104,4650,4660,4610,4650,73008300,4650
20221107,4650,4690,4610,4690,84930700,4690
20221108,4690,4690,4610,4620,81049600,4620
20221109,4600,4650,4600,4650,94722900,4650
20221110,4560,4580,4520,4530,173833100,4530
20221111,4620,4650,4590,4650,153238500,4650
20221114,4620,4640,4550,4580,156892500,4580
20221115,4580,4610,4560,4580,71985700,4580
20221116,4590,4610,4490,4520,249900500,4520
20221117,4520,4670,4500,4670,217126700,4670
20221118,4670,4680,4610,4610,105351900,4610
20221121,4620,4630,4560,4590,96343400,4590
20221122,4570,4670,4570,4590,154866000,4590
20221123,4640,4670,4630,4670,148640900,4670
20221124,4700,4740,4670,4720,168898100,4720
20221125,4700,4750,4690,4750,152038400,4750
20221128,4730,4830,4730,4820,195211800,4820
20221129,4820,4860,4790,4850,166057400,4850
20221130,4810,4980,4800,4980,395465800,4980
20221201,5000,5025,4900,4940,240171100,4940
20221202,4900,4930,4860,4890,200044500,4890
20221205,4910,4930,4860,4890,106809900,4890
20221206,4860,4890,4800,4860,151347200,4860
20221207,4840,4840,4740,4760,219528600,4760
20221208,4760,4840,4710,4840,137593900,4840
20221209,4830,4840,4760,4800,180384800,4800
20221212,4800,4850,4760,4850,113787500,4850
20221213,4870,4980,4840,4970,158080300,4970
20221214,5000,5000,4870,4980,201343100,4980
20221215,4900,4940,4880,4910,143086000,4910
20221216,4820,4980,4820,4980,350112900,4980
20221219,4970,4980,4920,4970,64757100,4970
20221220,4930,4970,4890,4910,79066000,4910
20221221,4910,4940,4870,4890,71596900,4890
20221222,4910,4970,4900,4960,72725200,4960
20221223,4920,4940,4880,4880,53350600,4880
20221226,4900,4930,4890,4930,43590300,4930
20221227,4930,4950,4860,4870,81817500,4870
20221228,4870,4880,4810,4820,134315900,4820
20221229,4820,4870,4800,4870,106690700,4870
20221230,4870,4950,4870,4940,182091500,4940
20230102,4910,4920,4820,4870,109069900,4870
20230103,4830,4900,4830,4850,95179400,4850
20230104,4850,4850,4770,4770,188230000,4770
20230105,4750,4760,4570,4640,292142000,4640
20230106,4550,4640,4550,4620,175932000,4620
20230109,4580,4640,4550,4590,166620000,4590
20230110,4550,4570,4410,4430,250490000,4430
20230111,4410,4430,4360,4380,249085500,4380
20230112,4480,4520,4410,4500,191801400,4500
20230113,4510,4530,4420,4480,134661900,4480
20230116,4430,4530,4420,4520,162026700,4520
20230117,4520,4580,4510,4560,150577400,4560
20230118,4560,4620,4560,4600,178058900,4600
20230119,4590,4630,4580,4610,103197400,4610
20230120,4630,4670,4620,4650,99716100,4650
20230124,4660,4680,4590,4620,74760100,4620
20230125,4620,4620,4550,4560,73861500,4560
20230126,4560,4620,4550,4590,113894600,4590
20230127,4600,4680,4600,4640,160345400,4640
20230130,4650,4680,4570,4610,221100100,4610
20230131,4610,4620,4570,4580,211639100,4580
20230201,4630,4690,4620,4680,181954400,4680
20230202,4650,4680,4600,4600,125410800,4600
20230203,4650,4780,4630,4750,198944500,4750
20230206,4780,4810,4680,4740,141454400,4740
20230207,4740,4790,4720,4750,140923100,4750
20230208,4710,4790,4710,4790,168618100,4790
20230209,4790,4840,4770,4810,155917600,4810
20230210,4840,4880,4770,4860,181146600,4860
20230213,4900,4900,4800,4800,122509100,4800
20230214,4820,4870,4810,4870,101007200,4870
20230215,4890,4890,4810,4870,107131200,4870
20230216,4890,4890,4850,4870,69966900,4870
20230217,4890,4890,4830,4880,90548800,4880
20230220,4900,4900,4840,4880,88433000,4880
20230221,4880,4880,4820,4820,59319100,4820
20230222,4790,4810,4730,4760,122400600,4760
20230223,4810,4810,4730,4800,139206900,4800
20230224,4800,4840,4760,4760,60495900,4760
20230227,4780,4810,4760,4810,76714400,4810
20230228,4760,4790,4670,4670,273125500,4670
20230301,4730,4750,4700,4720,115578600,4720
20230302,4750,4780,4720,4780,59394100,4780
20230303,4800,4800,4730,4760,84777000,4760
20230306,4790,4800,4780,4790,78880100,4790
20230307,4770,4850,4770,4840,98412500,4840
20230308,4850,4850,4820,4840,103767800,4840
20230309,4860,4870,4810,4810,79549800,4810
20230310,4820,4830,4800,4820,125157100,4820
20230313,4810,4870,4770,4830,106769300,4830
20230314,4770,4790,4690,4710,193559600,4710
20230315,4760,4770,4700,4700,89886400,4700
20230316,4700,4750,4640,4730,141491300,4730
20230317,4770,4900,4750,4900,204810200,4900
20230320,4840,4880,4820,4880,114461300,4880
20230321,4870,4920,4840,4900,193095400,4900
20230324,4750,4820,4720,4770,311147800,4770
20230327,4750,4790,4720,4740,144957300,4740
20230328,4740,4780,4740,4770,88575500,4770
20230329,4800,4820,4770,4810,112591000,4810
20230330,4810,4810,4740,4750,98853500,4750
20230331,4730,4750,4710,4730,161595700,4730
20230403,4770,4800,4760,4800,115874700,4800
20230404,4800,4820,4760,4820,65766900,4820
20230405,4810,4880,4800,4830,119450400,4830
20230406,4860,4860,4820,4840,88035900,4840
20230410,4860,4860,4820,4860,40466300,4860
20230411,4860,4890,4830,4880,67172500,4880
20230412,4950,4950,4890,4930,166993800,4930
20230413,4950,5000,4930,4980,179405400,4980
20230414,5050,5100,5000,5075,168228700,5075
20230417,5075,5075,4960,4990,121238600,4990
20230418,4990,5025,4950,4950,96867000,4950
20230426,5150,5150,4930,5025,273336000,5025
20230427,4990,5150,4990,5150,161579000,5150
20230428,5175,5275,5100,5100,251912000,5100
20230502,5175,5175,5050,5150,113287400,5150
20230503,5225,5225,5050,5100,152483900,5100
20230504,5150,5175,5075,5150,120038600,5150
20230505,5225,5250,5125,5225,158898000,5225
20230508,5250,5250,5050,5100,107804200,5100
20230509,5050,5125,5025,5125,103015100,5125
20230510,5075,5150,5050,5150,108419000,5150
20230511,5175,5175,5100,5150,85625400,5150
20230512,5100,5175,5100,5150,77156700,5150
20230515,5150,5175,5025,5150,133630500,5150
20230516,5175,5200,5100,5200,86624300,5200
20230517,5250,5250,5175,5200,115835000,5200
20230519,5225,5450,5200,5400,166540800,5400
20230522,5300,5500,5300,5425,163193100,5425
20230523,5475,5600,5475,5500,221674600,5500
20230524,5525,5600,5450,5600,156211500,5600
20230525,5500,5575,5450,5475,197943500,5475
20230526,5425,5600,5425,5600,154003100,5600
20230529,5600,5625,5475,5550,125049100,5550
20230530,5500,5600,5500,5500,89882300,5500
20230531,5575,5575,5375,5575,506875200,5575
20230605,5600,5600,5425,5425,255472600,5425
20230606,5400,5500,5350,5450,92021400,5450
20230607,5475,5475,5350,5400,117647200,5400
20230608,5375,5475,5350,5475,92794100,5475
20230609,5425,5450,5375,5425,77348500,5425
20230612,5400,5400,5375,5400,92314200,5400
20230613,5400,5550,5400,5550,108831400,5550
20230614,5575,5575,5475,5550,62983600,5550
20230615,5475,5525,5450,5525,74388400,5525
20230616,5475,5550,5400,5550,189062600,5550
20230619,5500,5525,5450,5525,55144200,5525
20230620,5475,5550,5475,5550,102926800,5550
20230621,5500,5575,5500,5575,84658500,5575
20230622,5550,5600,5475,5475,94143200,5475
20230623,5425,5475,5400,5400,123350300,5400
20230626,5425,5475,5375,5450,85472100,5450
20230627,5450,5500,5425,5425,110778600,5425
20230703,5500,5550,5450,5475,168096500,5475
20230704,5500,5500,5425,5450,94462600,5450
20230705,5400,5450,5400,5450,109632800,5450
20230706,5450,5475,5400,5425,109446200,5425
20230707,5400,5425,5375,5375,114043800,5375
20230710,5425,5500,5400,5400,78972100,5400
20230711,5375,5450,5375,5425,122094700,5425
20230712,5450,5475,5425,5450,104993700,5450
20230713,5425,5475,5425,5450,134905700,5450
20230714,5450,5525,5425,5525,127814200,5525
20230717,5550,5625,5525,5575,166951300,5575
20230718,5625,5700,5600,5625,141884700,5625
20230720,5575,5650,5550,5625,111117300,5625
20230721,5600,5625,5575,5625,63094600,5625
20230724,5600,5650,5600,5600,62962500,5600
20230725,5625,5700,5625,5650,111248100,5650
20230726,5700,5700,5650,5675,76200300,5675
20230727,5675,5750,5650,5650,109659600,5650
20230728,5625,5700,5625,5700,74036700,5700
20230731,5700,5700,5650,5650,186727400,5650
20230801,5650,5750,5650,5700,100137500,5700
20230802,5650,5725,5650,5700,90565700,5700
20230803,5675,5750,5650,5700,82775000,5700
20230804,5700,5725,5575,5575,150738500,5575
20230807,5600,5725,5575,5700,88104900,5700
20230808,5700,5750,5600,5625,115672300,5625
20230809,5650,5725,5625,5700,91930000,5700
20230810,5675,5725,5675,5700,85574500,5700
20230811,5675,5700,5650,5650,74321000,5650
20230814,5650,5675,5575,5650,127358400,5650
20230815,5650,5675,5575,5575,89597300,5575
20230816,5550,5575,5450,5525,226754600,5525
20230818,5500,5600,5500,5575,121561200,5575
20230821,5550,5575,5500,5500,91640000,5500
20230822,5500,5625,5500,5575,101221500,5575
20230823,5600,5625,5575,5600,78686900,5600
20230824,5625,5625,5550,5550,74407500,5550
20230825,5550,5600,5525,5600,65096500,5600
20230828,5600,5625,5550,5550,37126600,5550
20230829,5525,5600,5525,5600,57547200,5600
20230830,5600,5600,5500,5525,171282700,5525
20230831,5525,5550,5475,5550,175088200,5550
20230901,5600,5600,5525,5575,87366100,5575
20230904,5600,5625,5575,5625,43898200,5625
20230905,5625,5650,5600,5625,72464300,5625
20230906,5625,5650,5575,5575,106367800,5575
20230907,5525,5550,5450,5450,157998600,5450
20230908,5425,5450,5300,5350,243324500,5350
20230911,5350,5425,5300,5425,80474100,5425
20230912,5450,5475,5375,5375,121654400,5375
20230913,5350,5425,5350,5400,59408000,5400
20230914,5325,5425,5325,5425,76831700,5425
20230915,5400,5450,5375,5375,141455400,5375
20230918,5350,5400,5300,5325,61329000,5325
20230919,5325,5375,5300,5375,61069300,5375
20230920,5350,5450,5350,5375,98710100,5375
20230921,5425,5425,5350,5350,68584900,5350
20230922,5350,5425,5350,5350,83184100,5350
20230925,5325,5350,5200,5300,131581100,5300
20230926,5250,5275,5200,5200,180280600,5200
20230927,5175,5300,5175,5225,119774700,5225
20230929,5300,5325,5225,5225,139541100,5225
20231002,5250,5300,5250,5250,81674600,5250
20231003,5250,5300,5250,5275,54506000,5275
20231004,5250,5275,5200,5250,121445000,5250
20231005,5250,5275,5175,5175,116814800,5175
20231006,5200,5250,5175,5175,70202300,5175
20231009,5200,5225,5125,5125,144477000,5125
20231010,5125,5250,5125,5175,115565600,5175
20231011,5150,5275,5150,5250,100394800,5250
20231012,5300,5375,5275,5300,174022400,5300
20231013,5275,5325,5250,5275,84648800,5275
20231016,5325,5325,5250,5250,61273200,5250
20231017,5250,5275,5150,5150,127287200,5150
20231018,5125,5225,5125,5150,180350500,5150
20231019,5100,5150,5000,5000,195793800,5000
20231020,4980,5100,4960,5050,194316200,5050
20231023,5000,5075,4990,5000,82756100,5000
20231024,5000,5100,4950,5100,104021500,5100
20231025,5100,5200,5100,5175,142215000,5175
20231026,5175,5175,4920,4920,330618800,4920
20231027,4950,5050,4940,5000,129599800,5000
20231030,4980,5025,4970,5000,108523700,5000
20231031,4980,5000,4960,4960,106760300,4960
20231101,4920,4960,4830,4830,191567200,4830
20231102,4940,5075,4910,5000,208075400,5000
20231103,5025,5175,5025,5100,125504000,5100
20231106,5100,5200,5100,5200,122333800,5200
20231107,5225,5275,5175,5250,137039400,5250
20231108,5200,5250,5175,5225,86781600,5225
20231109,5225,5275,5200,5200,66236400,5200
20231110,5150,5150,5050,5075,113811900,5075
20231113,5075,5125,5025,5025,92518000,5025
20231114,5075,5125,5050,5075,85419500,5075
20231115,5200,5300,5175,5250,193790400,5250
20231116,5275,5275,5175,5250,129684200,5250
20231117,5175,5250,5175,5225,70727500,5225
20231120,5175,5275,5175,5250,67314400,5250
20231121,5225,5250,5175,5200,104110500,5200
20231122,5175,5300,5175,5275,103585500,5275
20231123,5325,5400,5300,5350,174572400,5350
20231124,5400,5450,5375,5400,104413400,5400
20231127,5425,5450,5350,5350,76019100,5350
20231128,5325,5425,5325,5350,147993400,5350
20231129,5350,5375,5300,5300,106197800,5300
20231130,5375,5375,5275,5275,224426400,5275
20231201,5275,5375,5275,5350,99499500,5350
20231204,5450,5575,5450,5500,235656700,5500
20231205,5425,5500,5425,5450,114689900,5450
20231206,5425,5450,5400,5425,119716700,5425
20231207,5400,5475,5400,5475,102126600,5475
20231208,5425,5450,5375,5375,130542600,5375
20231211,5325,5375,5300,5300,124468600,5300
20231212,5375,5400,5325,5325,134501600,5325
20231213,5300,5350,5275,5300,98881600,5300
20231214,5450,5550,5425,5550,270760600,5550
20231215,5575,5600,5550,5550,252448800,5550
20231218,5575,5575,5500,5500,102780900,5500
20231219,5450,5550,5450,5550,158893700,5550
20231220,5700,5700,5550,5550,138470900,5550
20231221,5550,5600,5525,5575,99049600,5575
20231222,5650,5700,5600,5675,109411300,5675
20231227,5700,5725,5625,5625,131368000,5625
20231228,5700,5750,5675,5725,121434600,5725
20231229,5750,5750,5675,5725,93126000,5725
20240102,5650,5675,5625,5675,91143100,5675
20240103,5625,5650,5600,5600,83659700,5600
20240104,5600,5700,5575,5700,118467900,5700
20240105,5725,5850,5700,5750,134929600,5750
20240108,5750,5800,5625,5625,152015000,5625
20240109,5625,5700,5625,5700,105666200,5700
20240110,5625,5700,5625,5700,82626400,5700
20240111,5750,5800,5700,5750,132206400,5750
20240112,5800,5850,5775,5850,109715700,5850
20240115,5850,5900,5775,5825,115284200,5825
20240116,5825,5875,5775,5825,97074300,5825
20240117,5825,5825,5750,5775,107941600,5775
20240118,5800,5800,5700,5750,87259100,5750
20240119,5750,5800,5700,5800,75370700,5800
20240122,5775,5800,5700,5775,97545600,5775
20240123,5700,5750,5650,5700,122999700,5700
20240124,5675,5700,5575,5650,104225000,5650
20240125,5575,5650,5525,5525,120478800,5525
20240126,5450,5475,5400,5425,185244400,5425
20240129,5400,5575,5400,5575,145629600,5575
20240130,5525,5650,5475,5625,150287800,5625
20240131,5725,5775,5675,5700,245117200,5700
20240201,5775,5800,5725,5750,156634200,5750
20240202,5800,5850,5750,5850,177209700,5850
20240205,5800,5825,5750,5775,113760000,5775
20240206,5900,5900,5800,5825,126704300,5825
20240207,5850,5900,5825,5850,147571500,5850
20240212,5875,6025,5850,6025,200856200,6025
20240213,6050,6050,5950,6000,145852200,6000
20240215,6275,6275,6100,6125,308685100,6125
20240216,6150,6200,6125,6150,130814400,6150
20240219,6125,6175,6075,6100,111382900,6100
20240220,6175,6300,6175,6300,160872600,6300
20240221,6325,6375,6225,6300,169293100,6300
20240222,6250,6300,6225,6250,100256000,6250
20240223,6125,6175,6050,6125,148643000,6125
20240226,6100,6200,6075,6175,110509000,6175
20240227,6125,6200,6125,6125,99187500,6125
20240228,6100,6225,6100,6225,118745300,6225
20240229,6150,6200,6125,6125,173845800,6125
20240301,6175,6175,6075,6125,76286400,6125
20240304,6125,6125,6050,6050,70354900,6050
20240305,6100,6175,6075,6125,115084600,6125
20240306,6100,6200,6100,6200,84108800,6200
20240307,6200,6275,6200,6225,117724700,6225
20240308,6275,6400,6250,6350,163060000,6350
20240313,6350,6450,6350,6400,195173100,6400
20240314,6175,6200,6050,6150,271254000,6150
20240315,6000,6075,5950,5975,305995800,5975
20240318,6000,6100,5975,6000,110564700,6000
20240319,6000,6050,5975,6000,114338600,6000
20240320,6000,6100,6000,6100,120885400,6100
20240321,6175,6200,6100,6100,136020000,6100
20240322,6050,6125,6050,6125,74936500,6125
20240325,6150,6250,6125,6250,115729600,6250
20240326,6200,6300,6200,6300,120748400,6300
20240327,6300,6325,6225,6250,73308900,6250
20240328,6100,6200,6025,6050,288926900,6050
20240401,6000,6025,5825,5925,217200400,5925
20240402,5850,5950,5625,5675,412180900,5675
20240403,5575,5675,5525,5625,333518700,5625
20240404,5650,5750,5650,5700,133406600,5700
20240405,5625,5700,5625,5650,178817800,5650
20240416,5375,5575,5350,5350,600717500,5350
20240417,5475,5500,5300,5300,244002000,5300
20240418,5300,5500,5300,5475,247410700,5475
20240419,5350,5375,5250,5275,258211500,5275
20240422,5200,5325,5150,5300,342282800,5300
20240423,5350,5400,5225,5300,283676400,5300
20240424,5250,5350,5150,5225,471241400,5225
20240425,5125,5200,5050,5150,479170900,5150
20240426,5050,5100,4830,4830,782589900,4830
20240429,4700,4890,4680,4770,700644800,4770
20240430,4850,5050,4820,4940,565609200,4940
20240502,4910,4920,4700,4760,636922100,4760
20240503,4760,4830,4710,4750,322179100,4750
20240506,4800,4840,4730,4790,262707400,4790
20240507,4770,4780,4670,4670,304013600,4670
20240508,4650,4740,4570,4680,572275800,4680
20240513,4650,4700,4630,4680,320067100,4680
20240514,4720,4810,4700,4730,341458900,4730
20240515,4780,4870,4760,4820,298990300,4820
20240516,4930,4960,4840,4840,371295000,4840
20240517,4840,4960,4820,4920,208991800,4920
20240520,4990,5050,4820,4820,335150700,4820
20240521,4810,4870,4680,4680,272599400,4680
20240522,4650,4770,4650,4720,215066000,4720
20240527,4700,4720,4550,4550,363719300,4550
20240528,4580,4630,4520,4530,258070200,4530
20240529,4480,4500,4400,4410,465008500,4410
20240530,4400,4480,4310,4380,502927800,4380
20240531,4430,4470,4330,4340,655144100,4340
20240603,4430,4560,4400,4530,345770100,4530
20240604,4560,4590,4450,4450,332902200,4450
20240605,4500,4500,4400,4400,246362500,4400
20240606,4450,4500,4390,4500,281534200,4500
20240607,4490,4500,4350,4350,375439600,4350
20240610,4350,4430,4320,4400,181387000,4400
20240611,4380,4440,4340,4340,197854400,4340
20240612,4340,4360,4310,4350,187332500,4350
20240613,4400,4420,4300,4310,238349600,4310
20240614,4300,4320,4170,4180,358893200,4180
20240619,4100,4240,4090,4100,410338400,4100
20240620,4130,4270,4130,4270,387133400,4270
20240621,4280,4490,4260,4440,542704300,4440
20240624,4440,4510,4400,4400,303830800,4400
20240625,4320,4400,4280,4380,383572500,4380
20240626,4390,4430,4350,4370,150303400,4370
20240627,4410,4500,4380,4460,299430600,4460
20240628,4590,4640,4580,4600,581319300,4600
20240701,4630,4670,4560,4630,261421200,4630
20240702,4610,4630,4570,4570,234403100,4570
20240703,4630,4640,4560,4600,176310400,4600
20240704,4680,4830,4660,4790,422261500,4790
20240705,4850,4870,4790,4800,218278000,4800
20240708,4800,4830,4740,4750,222042100,4750
20240709,4780,4930,4750,4870,291320400,4870
20240710,4870,4920,4840,4850,167619700,4850
20240711,4910,4920,4840,4840,170470400,4840
20240712,4970,4980,4880,4900,327141300,4900
20240715,4920,4930,4810,4820,188713000,4820
20240716,4820,4840,4730,4730,189271400,4730
20240717,4750,4810,4720,4760,263325400,4760
20240718,4760,4890,4750,4890,296614900,4890
20240719,4870,4910,4850,4900,135104800,4900
20240722,4920,4940,4880,4910,140128300,4910
20240723,4900,4910,4780,4790,170919500,4790
20240724,4770,4800,4760,4780,116037600,4780
20240725,4760,4760,4660,4700,274397700,4700
20240726,4760,4810,4740,4760,192267300,4760
20240729,4800,4800,4760,4780,126109900,4780
20240730,4720,4740,4670,4670,204374100,4670
20240731,4650,4710,4650,4670,168490300,4670
20240801,4710,4750,4690,4750,169636700,4750
20240802,4730,4750,4690,4710,113328400,4710
20240805,4660,4670,4510,4530,329430900,4530
20240806,4550,4650,4520,4600,238051800,4600
20240807,4640,4640,4590,4620,125984100,4620
20240808,4600,4690,4590,4660,131343400,4660
20240809,4700,4730,4670,4670,98730900,4670
20240812,4720,4720,4650,4680,83552800,4680
20240813,4700,4750,4690,4720,109533400,4720
20240814,4770,4840,4760,4820,262716500,4820
20240815,4850,4870,4790,4830,214394900,4830
20240816,4850,4870,4830,4830,149701700,4830
20240819,4820,4820,4750,4820,196203200,4820
20240820,4860,4950,4840,4950,310085500,4950
20240821,4990,5100,4980,5100,390307000,5100
20240822,5125,5150,5025,5050,474043100,5050
20240823,5150,5200,5125,5150,217759300,5150
20240826,5200,5325,5200,5300,361169800,5300
20240827,5250,5275,5100,5175,271088700,5175
20240828,5100,5175,5025,5150,277561700,5150
20240829,5125,5175,5100,5125,160041900,5125
20240830,5175,5175,5125,5150,275298000,5150
20240902,5150,5225,5150,5175,136717200,5175
20240903,5225,5250,5150,5175,166033900,5175
20240904,5100,5175,5100,5100,141890400,5100
20240905,5125,5150,5075,5150,166436800,5150
20240906,5200,5250,5150,5225,170520700,5225
20240909,5275,5300,5150,5175,201448700,5175
20240910,5200,5250,5125,5250,202326400,5250
20240911,5225,5250,5125,5175,165284900,5175
20240912,5175,5225,5150,5175,138542100,5175
20240913,5200,5300,5175,5300,259722600,5300
20240917,5350,5350,5250,5300,201331600,5300
20240918,5350,5375,5325,5350,186877300,5350
20240919,5425,5500,5400,5400,332941100,5400
20240920,5400,5450,5375,5375,260437400,5375
20240923,5350,5500,5350,5500,245292000,5500
20240924,5550,5575,5525,5525,195415700,5525
20240925,5400,5425,5200,5325,607065900,5325
20240926,5150,5200,5025,5050,855266800,5050
20240927,5050,5150,5000,5100,304694300,5100
20240930,5050,5050,4950,4950,539169900,4950
20241001,4970,5075,4970,5075,197069300,5075
20241002,5000,5075,4900,4940,307487600,4940
20241003,4900,4960,4860,4920,354814800,4920
20241004,4870,4920,4850,4860,289960700,4860
20241007,4860,4930,4810,4820,308452200,4820
20241008,4800,5050,4760,5000,527474400,5000
20241009,5000,5075,4930,4930,309336600,4930
20241010,4920,4970,4860,4860,226564700,4860
20241011,4910,4940,4890,4900,104875300,4900
20241014,4900,4930,4870,4900,125414400,4900
20241015,4930,4990,4920,4920,142372200,4920
20241016,4950,4970,4920,4950,118014300,4950
20241017,4960,5050,4940,4980,188127700,4980
20241018,5025,5050,4960,4970,157113000,4970
20241021,4980,5025,4970,4990,110708200,4990
20241022,4960,4970,4900,4900,199707500,4900
20241023,4830,4890,4810,4860,222147300,4860
20241024,4820,4900,4810,4820,218162100,4820
20241025,4820,4860,4770,4770,195647800,4770
20241028,4770,4800,4710,4760,191211000,4760
20241029,4730,4780,4700,4700,203658600,4700
20241030,4630,4750,4630,4710,296314500,4710
20241031,4710,4870,4710,4800,307110400,4800
20241101,4770,4820,4700,4700,235656400,4700
20241104,4710,4770,4650,4720,209831500,4720
20241105,4690,4740,4680,4710,199499300,4710
20241106,4710,4730,4600,4600,249059500,4600
20241107,4610,4640,4550,4550,296218600,4550
20241108,4600,4640,4520,4520,213862600,4520
20241111,4470,4540,4370,4460,507192300,4460
20241112,4430,4520,4430,4500,252380100,4500
20241113,4470,4610,4460,4580,209627200,4580
20241114,4570,4590,4500,4500,159871800,4500
20241115,4450,4510,4450,4470,106365600,4470
20241118,4440,4460,4350,4350,259191900,4350
20241119,4350,4410,4350,4360,294851500,4360
20241120,4400,4440,4330,4330,298734600,4330
20241121,4280,4320,4250,4250,376788400,4250
20241122,4250,4420,4250,4400,280188100,4400
20241125,4420,4530,4420,4470,401446400,4470
20241126,4450,4470,4380,4400,266677500,4400
20241128,4350,4390,4330,4330,277081800,4330
20241129,4280,4300,4250,4250,412519800,4250
20241202,4270,4280,4160,4170,337188900,4170
20241203,4240,4250,4210,4240,384146700,4240
20241204,4240,4370,4220,4350,345762200,4350
20241205,4310,4340,4250,4260,183135900,4260
20241206,4250,4310,4220,4310,151433000,4310
20241209,4310,4390,4300,4390,158897200,4390
20241210,4360,4380,4290,4360,196160900,4360
20241211,4340,4430,4340,4380,203980300,4380
20241212,4340,4360,4260,4260,226698900,4260
20241213,4230,4280,4170,4170,287838100,4170
20241216,4150,4280,4150,4250,325441900,4250
20241217,4250,4290,4150,4150,327919000,4150
20241218,4170,4210,4130,4150,205055500,4150
20241219,4090,4110,4050,4090,381986300,4090
20241220,4070,4120,4050,4060,252689600,4060
20241223,4130,4210,4110,4210,167689800,4210
20241224,4220,4250,4170,4200,199536100,4200
20241227,4100,4120,4080,4100,143104400,4100
20241230,4080,4120,4070,4080,153934700,4080
